{"count":1,"self":417.9672832,"total":419.89158249999997,"children":{"InitializeActuators":{"count":1,"self":0.0020012,"total":0.0020012,"children":null},"InitializeSensors":{"count":1,"self":0.0024998999999999998,"total":0.0024998999999999998,"children":null},"AgentSendState":{"count":19524,"self":0.22977989999999998,"total":0.2597934,"children":{"CollectObservations":{"count":1953,"self":0.0079943,"total":0.0079943,"children":null},"WriteActionMask":{"count":1953,"self":0.0030153999999999997,"total":0.0030153999999999997,"children":null},"RequestDecision":{"count":1953,"self":0.019003799999999998,"total":0.019003799999999998,"children":null}}},"DecideAction":{"count":19524,"self":1.2721396,"total":1.301659,"children":{"RayPerceptionSensor.Perceive":{"count":1953,"self":0.029519399999999998,"total":0.029519399999999998,"children":null}}},"AgentAct":{"count":19524,"self":0.35633549999999997,"total":0.35633549999999997,"children":null}},"gauges":{"StatueAgent.CumulativeReward":{"count":94,"max":23.6700134,"min":10,"runningAverage":13.9596815,"value":10.05,"weightedAverage":15.5269117}},"metadata":{"timer_format_version":"0.1.0","start_time_seconds":"1748532293","unity_version":"6000.0.36f1","command_line_arguments":"C:\\Program Files\\Unity\\Hub\\Editor\\6000.0.36f1\\Editor\\Unity.exe -projectpath C:\\Users\\User\\Desktop\\unity\\project_VR -useHub -hubIPC -cloudEnvironment production","communication_protocol_version":"1.5.0","com.unity.ml-agents_version":"3.0.0","scene_name":"Tutorial","end_time_seconds":"1748532713"}}